CarryingCap,NPfix
1.0,2.0
2.0,0.433272
4.0,0.397924
10.0,0.19896
21.0,0.073212
46.0,0.0079
100.0,0.000308
215.0,0.0
464.0,0.0
1000.0,0.0
