CarryingCap,NPfix
1.0,2.0
2.0,0.464964
4.0,0.364284
10.0,0.090312
21.0,0.005188
46.0,0.0
100.0,0.0
215.0,0.0
464.0,0.0
1000.0,0.0
