CarryingCap,NPfix
1.0,2.0
2.0,0.0
4.0,4.0e-6
10.0,0.096432
21.0,0.53584
46.0,0.7811
100.0,0.826128
215.0,0.372064
464.0,0.417692
1000.0,0.441372
