CarryingCap,NPfix
1.0,10.0
2.0,4.347022
7.0,1.17107
21.0,1.172644
59.0,0.829104
